Title|SubTitle|Author|Date|nComments|DateExtraction|URL
Bloober Team revela já estar trabalhando em um novo projeto|Recentemente os poloneses lançaram The Medium|Billy Butcher|Quarta, 03 de fevereiro de 2021 às 10:09|100|03/02/2021 20:45:24|https://www.gamevicio.com/noticias/2021/02/bloober-team-revela-ja-estar-trabalhando-em-um-novo-projeto/
Electronic Arts diz que está trabalhando em mais de 35 jogos diferentes para PC, Consoles e Mobile|Onde englobam seus EA Worldwide Studios e EA Originals|Billy Butcher|Quarta, 03 de fevereiro de 2021 às 09:48|82|03/02/2021 20:45:37|https://www.gamevicio.com/noticias/2021/02/electronic-arts-diz-que-esta-trabalhando-em-mais-de-35-jogos-diferentes-para-pc-consoles-e-mobile/
Final Fantasy VII Remake Parte 2: Segundo produtor, equipe quer que game corresponda às expectativas dos fãs, mas também os confunda, no bom sentido|A segunda parte está com o desenvolvimento bem adiantado|squid-orange|Quarta, 03 de fevereiro de 2021 às 09:47|135|03/02/2021 20:45:51|https://www.gamevicio.com/noticias/2021/02/final-fantasy-vii-remake-parte-2-segundo-produtor-equipe-quer-que-game-corresponda-as-expectativas-dos-fas-mas-tambem-os-confunda-no-bom-sentido/
Activision Blizzard bane 60.000 cheaters de Call of Duty: Warzone|Isso eleva o número total de banimentos permanentes do título para 300.000|Billy Butcher|Quarta, 03 de fevereiro de 2021 às 09:42|66|03/02/2021 20:46:03|https://www.gamevicio.com/noticias/2021/02/activision-blizzard-bane-60-000-cheaters-de-call-of-duty-warzone/
FIFA 21 - Update 1.12 já está disponível nos PCs e Consoles|Confira as novidades do título da Electronic Arts no selo EA Sports|Billy Butcher|Quarta, 03 de fevereiro de 2021 às 09:37|12|03/02/2021 20:46:15|https://www.gamevicio.com/noticias/2021/02/fifa-21-update-1-12-ja-esta-disponivel-nos-pcs-e-consoles/
Fall Guys - Season 3.5 já está disponível globalmente|Novo trailer revela o novo personagem do jogo da Mediatonic e Devolver Digital|Billy Butcher|Quarta, 03 de fevereiro de 2021 às 09:34|14|03/02/2021 20:46:28|https://www.gamevicio.com/noticias/2021/02/fall-guys-season-3-5-ja-esta-disponivel-globalmente/
"Conheça ""Revita"" game roquelike de exploração de calabouços desenvolvido por uma única pessoa está chegando ao PC via Steam"|Com várias características interessantes game te leva a um mundo procedural onde você pode personalizar sua aventura de várias maneiras|Allan Kardec|Quarta, 03 de fevereiro de 2021 às 09:32|15|03/02/2021 20:46:43|https://www.gamevicio.com/noticias/2021/02/conheca-revita-game-roquelike-de-exploracao-de-calaboucos-desenvolvido-por-uma-unica-pessoa-esta-chegando-ao-pc-via-steam/
Fatshark fala sobre a exclusividade de Warhammer: 40.000 - Darktide nos Xbox Series X-S|“Trabalhamos com a Microsoft há muitos anos e eles são um grande parceiro”, afirma a desenvolvedora|Billy Butcher|Quarta, 03 de fevereiro de 2021 às 08:47|18|03/02/2021 20:46:57|https://www.gamevicio.com/noticias/2021/02/fatshark-fala-sobre-a-exclusividade-de-warhammer-40-000-darktide-nos-xbox-series-x-s/
Electronic Arts revela que seu serviço de assinatura EA Play chegou na marca de 13 milhões de jogadores|Ganhou uma grande impulsão desde que chegou no Xbox Game Pass|Billy Butcher|Quarta, 03 de fevereiro de 2021 às 08:40|91|03/02/2021 20:47:17|https://www.gamevicio.com/noticias/2021/02/electronic-arts-revela-que-seu-servico-de-assinatura-ea-play-chegou-na-marca-de-13-milhoes-de-jogadores/
NieR: Re[in]carnation - Yoko Taro, pai da série NieR, diz que nunca gastou 1 centavo com Loot-Boxes ou Gaccha|Novo título Mobile da franquia chegará ainda em 2021|Billy Butcher|Quarta, 03 de fevereiro de 2021 às 08:35|29|03/02/2021 20:47:29|https://www.gamevicio.com/noticias/2021/02/nier-re-in-carnation-yoko-taro-pai-da-serie-nier-diz-que-nunca-gastou-1-centavo-com-loot-boxes-ou-gaccha/
PS5 - Nova atualização do console já está disponível, corrigindo bug de instalação do PS4|Novo Update pesa menos de 1 GB|Billy Butcher|Quarta, 03 de fevereiro de 2021 às 08:27|28|03/02/2021 20:47:42|https://www.gamevicio.com/noticias/2021/02/ps5-nova-atualizacao-do-console-ja-esta-disponivel-corrigindo-bug-de-instalacao-do-ps4/
Little Nightmares II e Super Mario 3D World + Bowser's Fury recebem suas notas da crítica pela Famitsu|Ótimas avaliações para os 2 títulos|Billy Butcher|Quarta, 03 de fevereiro de 2021 às 08:12|67|03/02/2021 20:47:57|https://www.gamevicio.com/noticias/2021/02/little-nightmares-ii-e-super-mario-3d-world-bowser-s-fury-recebem-suas-notas-da-critica-pela-famitsu/
Gearbox Software emite uma carta de declaração explicando porque decidiu se vender para a Embracer Group por US$ 1,3 Bilhão|A gigante de Borderlands e Brothers in Arms agora faz parte da THQ Nordic, Deep Silver e outros|Billy Butcher|Quarta, 03 de fevereiro de 2021 às 08:01|16|03/02/2021 20:48:12|https://www.gamevicio.com/noticias/2021/02/gearbox-software-emite-uma-carta-de-declaracao-explicando-porque-decidiu-se-vender-para-a-embracer-group-por-us-1-3-bilhao/
Electronic Arts diz que vê um potencial enorme de ser líder no mercado de jogos de corrida ao adquirir a Codemasters|A compra de US$ 1.2 Bilhão trará todo o catálogo de IPs da Codies para a Electronic Arts|Billy Butcher|Quarta, 03 de fevereiro de 2021 às 07:47|80|03/02/2021 20:48:27|https://www.gamevicio.com/noticias/2021/02/electronic-arts-diz-que-ve-um-potencial-enorme-de-ser-lider-no-mercado-de-jogos-de-corrida-ao-adquirir-a-codemasters/
Sony diz ter interesse de criar uma sinergia entre Animes e Jogos com o PS5, PS4 e Crunchyroll|Mais jogos baseados em animes chegando ao mercado?|Billy Butcher|Quarta, 03 de fevereiro de 2021 às 07:37|85|03/02/2021 20:48:39|https://www.gamevicio.com/noticias/2021/02/sony-diz-ter-interesse-de-criar-uma-sinergia-entre-animes-e-jogos-com-o-ps5-ps4-e-crunchyroll/
Team Ninja está interessada em adicionar um mundo aberto ao próximo Nioh|O jogo se passar durante os Três Reinos da China também é uma possibilidade!|Vinicius|Quarta, 03 de fevereiro de 2021 às 15:17|44|03/02/2021 20:48:51|https://www.gamevicio.com/noticias/2021/02/team-ninja-esta-interessada-em-adicionar-um-mundo-aberto-ao-proximo-nioh/
Conheça Blind Drive, um jogo para se jogar com os olhos fechados|Jogo ganha demo no Steam!|Vinicius|Quarta, 03 de fevereiro de 2021 às 14:51|20|03/02/2021 20:49:04|https://www.gamevicio.com/noticias/2021/02/conheca-blind-drive-um-jogo-para-se-jogar-com-os-olhos-fechados/
Jade Raymond fala sobre sua saída do Google e do fechamanto da Stadia Games & Entertainment|A lendária diretora de Assassin's Creed e Splinter Cell recentemente deixou a Google|Billy Butcher|Quarta, 03 de fevereiro de 2021 às 14:37|72|03/02/2021 20:49:20|https://www.gamevicio.com/noticias/2021/02/jade-raymond-fala-sobre-sua-saida-do-google-e-do-fechamanto-da-stadia-games-e-entertainment/
Electronic Arts diz que planeja lançar pelo menos 1 jogo de corrida todos os anos|Após finalizar a aquisição da Codemasters|Billy Butcher|Quarta, 03 de fevereiro de 2021 às 14:05|57|03/02/2021 20:49:34|https://www.gamevicio.com/noticias/2021/02/electronic-arts-diz-que-planeja-lancar-pelo-menos-1-jogo-de-corrida-todos-os-anos/
Nos últimos 12 meses, 64% dos jogos da EA no PS4 e Xbox One foram vendidos no formato digital|Um aumento de 49% em relação ao mesmo período anterior|Renatito|Quarta, 03 de fevereiro de 2021 às 13:33|23|03/02/2021 20:49:46|https://www.gamevicio.com/noticias/2021/02/nos-ultimos-12-meses-64-dos-jogos-da-ea-no-ps4-e-xbox-one-foram-vendidos-no-formato-digital/
Control Ultimate Edition - a experiência da próxima geração em comparação com os consoles PS5 e Xbox|É bem próxima...|Alvarenga|Quarta, 03 de fevereiro de 2021 às 12:24|209|03/02/2021 20:50:00|https://www.gamevicio.com/noticias/2021/02/control-ultimate-edition-a-experiencia-da-proxima-geracao-em-comparacao-com-os-consoles-ps5-e-xbox/
Total War: Warhammer 3 é oficialmente anunciado pela SEGA Europe e Creative Assembly|Chegando em 2021 para PCs na Steam e Epic Games Store|Billy Butcher|Quarta, 03 de fevereiro de 2021 às 12:22|41|03/02/2021 20:50:12|https://www.gamevicio.com/noticias/2021/02/total-war-warhammer-3-e-oficialmente-anunciado-pela-sega-europe-e-creative-assembly/
Microsoft havia tentado adquirir a Gearbox Software antes da Embracer Group|As 2 estavam na disputa pelo estúdio, adquirido por US$ 1,3 Bilhões pela empresa-mãe da THQ Nordic|Billy Butcher|Quarta, 03 de fevereiro de 2021 às 12:13|181|03/02/2021 20:50:26|https://www.gamevicio.com/noticias/2021/02/microsoft-havia-tentado-adquirir-a-gearbox-software-antes-da-embracer-group/
Square Enix registra aumento na receita trimestral da empresa, porém os lucros ficaram abaixo do esperado|Square Enix Europe e Marvel's Avengers continuam sendo o maior empecilho da editora Japonesa|Billy Butcher|Quarta, 03 de fevereiro de 2021 às 12:01|62|03/02/2021 20:50:39|https://www.gamevicio.com/noticias/2021/02/square-enix-registra-aumento-na-receita-trimestral-da-empresa-porem-os-lucros-ficaram-abaixo-do-esperado/
Gearbox continuará trabalhando com a 2K na franquia Borderlands|Aquisição da Gearbox pela Embracer não irá alterar o desenvolvimento da franquia.|Vinicius|Quarta, 03 de fevereiro de 2021 às 11:37|17|03/02/2021 20:50:51|https://www.gamevicio.com/noticias/2021/02/gearbox-continuara-trabalhando-com-a-2k-na-franquia-borderlands/
Bloober Team revela já estar trabalhando em um novo projeto|Recentemente os poloneses lançaram The Medium|Billy Butcher|Quarta, 03 de fevereiro de 2021 às 10:09|100|03/02/2021 22:32:18|https://www.gamevicio.com/noticias/2021/02/bloober-team-revela-ja-estar-trabalhando-em-um-novo-projeto/
Electronic Arts diz que está trabalhando em mais de 35 jogos diferentes para PC, Consoles e Mobile|Onde englobam seus EA Worldwide Studios e EA Originals|Billy Butcher|Quarta, 03 de fevereiro de 2021 às 09:48|82|03/02/2021 22:32:32|https://www.gamevicio.com/noticias/2021/02/electronic-arts-diz-que-esta-trabalhando-em-mais-de-35-jogos-diferentes-para-pc-consoles-e-mobile/
Final Fantasy VII Remake Parte 2: Segundo produtor, equipe quer que game corresponda às expectativas dos fãs, mas também os confunda, no bom sentido|A segunda parte está com o desenvolvimento bem adiantado|squid-orange|Quarta, 03 de fevereiro de 2021 às 09:47|135|03/02/2021 22:32:46|https://www.gamevicio.com/noticias/2021/02/final-fantasy-vii-remake-parte-2-segundo-produtor-equipe-quer-que-game-corresponda-as-expectativas-dos-fas-mas-tambem-os-confunda-no-bom-sentido/
Activision Blizzard bane 60.000 cheaters de Call of Duty: Warzone|Isso eleva o número total de banimentos permanentes do título para 300.000|Billy Butcher|Quarta, 03 de fevereiro de 2021 às 09:42|67|03/02/2021 22:32:59|https://www.gamevicio.com/noticias/2021/02/activision-blizzard-bane-60-000-cheaters-de-call-of-duty-warzone/
FIFA 21 - Update 1.12 já está disponível nos PCs e Consoles|Confira as novidades do título da Electronic Arts no selo EA Sports|Billy Butcher|Quarta, 03 de fevereiro de 2021 às 09:37|12|03/02/2021 22:33:14|https://www.gamevicio.com/noticias/2021/02/fifa-21-update-1-12-ja-esta-disponivel-nos-pcs-e-consoles/
Fall Guys - Season 3.5 já está disponível globalmente|Novo trailer revela o novo personagem do jogo da Mediatonic e Devolver Digital|Billy Butcher|Quarta, 03 de fevereiro de 2021 às 09:34|14|03/02/2021 22:33:27|https://www.gamevicio.com/noticias/2021/02/fall-guys-season-3-5-ja-esta-disponivel-globalmente/
"Conheça ""Revita"" game roquelike de exploração de calabouços desenvolvido por uma única pessoa está chegando ao PC via Steam"|Com várias características interessantes game te leva a um mundo procedural onde você pode personalizar sua aventura de várias maneiras|Allan Kardec|Quarta, 03 de fevereiro de 2021 às 09:32|15|03/02/2021 22:33:40|https://www.gamevicio.com/noticias/2021/02/conheca-revita-game-roquelike-de-exploracao-de-calaboucos-desenvolvido-por-uma-unica-pessoa-esta-chegando-ao-pc-via-steam/
Fatshark fala sobre a exclusividade de Warhammer: 40.000 - Darktide nos Xbox Series X-S|“Trabalhamos com a Microsoft há muitos anos e eles são um grande parceiro”, afirma a desenvolvedora|Billy Butcher|Quarta, 03 de fevereiro de 2021 às 08:47|18|03/02/2021 22:33:53|https://www.gamevicio.com/noticias/2021/02/fatshark-fala-sobre-a-exclusividade-de-warhammer-40-000-darktide-nos-xbox-series-x-s/
Electronic Arts revela que seu serviço de assinatura EA Play chegou na marca de 13 milhões de jogadores|Ganhou uma grande impulsão desde que chegou no Xbox Game Pass|Billy Butcher|Quarta, 03 de fevereiro de 2021 às 08:40|91|03/02/2021 22:34:06|https://www.gamevicio.com/noticias/2021/02/electronic-arts-revela-que-seu-servico-de-assinatura-ea-play-chegou-na-marca-de-13-milhoes-de-jogadores/
NieR: Re[in]carnation - Yoko Taro, pai da série NieR, diz que nunca gastou 1 centavo com Loot-Boxes ou Gaccha|Novo título Mobile da franquia chegará ainda em 2021|Billy Butcher|Quarta, 03 de fevereiro de 2021 às 08:35|29|03/02/2021 22:34:20|https://www.gamevicio.com/noticias/2021/02/nier-re-in-carnation-yoko-taro-pai-da-serie-nier-diz-que-nunca-gastou-1-centavo-com-loot-boxes-ou-gaccha/
PS5 - Nova atualização do console já está disponível, corrigindo bug de instalação do PS4|Novo Update pesa menos de 1 GB|Billy Butcher|Quarta, 03 de fevereiro de 2021 às 08:27|33|03/02/2021 22:34:32|https://www.gamevicio.com/noticias/2021/02/ps5-nova-atualizacao-do-console-ja-esta-disponivel-corrigindo-bug-de-instalacao-do-ps4/
Little Nightmares II e Super Mario 3D World + Bowser's Fury recebem suas notas da crítica pela Famitsu|Ótimas avaliações para os 2 títulos|Billy Butcher|Quarta, 03 de fevereiro de 2021 às 08:12|67|03/02/2021 22:34:45|https://www.gamevicio.com/noticias/2021/02/little-nightmares-ii-e-super-mario-3d-world-bowser-s-fury-recebem-suas-notas-da-critica-pela-famitsu/
Gearbox Software emite uma carta de declaração explicando porque decidiu se vender para a Embracer Group por US$ 1,3 Bilhão|A gigante de Borderlands e Brothers in Arms agora faz parte da THQ Nordic, Deep Silver e outros|Billy Butcher|Quarta, 03 de fevereiro de 2021 às 08:01|16|03/02/2021 22:34:57|https://www.gamevicio.com/noticias/2021/02/gearbox-software-emite-uma-carta-de-declaracao-explicando-porque-decidiu-se-vender-para-a-embracer-group-por-us-1-3-bilhao/
Electronic Arts diz que vê um potencial enorme de ser líder no mercado de jogos de corrida ao adquirir a Codemasters|A compra de US$ 1.2 Bilhão trará todo o catálogo de IPs da Codies para a Electronic Arts|Billy Butcher|Quarta, 03 de fevereiro de 2021 às 07:47|80|03/02/2021 22:35:10|https://www.gamevicio.com/noticias/2021/02/electronic-arts-diz-que-ve-um-potencial-enorme-de-ser-lider-no-mercado-de-jogos-de-corrida-ao-adquirir-a-codemasters/
Sony diz ter interesse de criar uma sinergia entre Animes e Jogos com o PS5, PS4 e Crunchyroll|Mais jogos baseados em animes chegando ao mercado?|Billy Butcher|Quarta, 03 de fevereiro de 2021 às 07:37|85|03/02/2021 22:35:22|https://www.gamevicio.com/noticias/2021/02/sony-diz-ter-interesse-de-criar-uma-sinergia-entre-animes-e-jogos-com-o-ps5-ps4-e-crunchyroll/
Nintendo praticamente erradicou a marca Playstation no Japão, afirma analista|99% dos jogos vendidos em Janeiro desse ano no mercado Japonês foram para Swtich.|Vinicius|Quarta, 03 de fevereiro de 2021 às 15:37|295|03/02/2021 22:35:38|https://www.gamevicio.com/noticias/2021/02/nintendo-praticamente-erradicou-a-marca-playstation-no-japao-afirma-analista/
Battlefield 6 contará com mapas gigantes e muitas formas de personalização, diz Electronic Arts|Estamos muito perto da revelação do título da DICE|Billy Butcher|Quarta, 03 de fevereiro de 2021 às 15:29|55|03/02/2021 22:35:52|https://www.gamevicio.com/noticias/2021/02/battlefield-6-contara-com-mapas-gigantes-e-muitas-formas-de-personalizacao-diz-electronic-arts/
Team Ninja está interessada em adicionar um mundo aberto ao próximo Nioh|O jogo se passar durante os Três Reinos da China também é uma possibilidade!|Vinicius|Quarta, 03 de fevereiro de 2021 às 15:17|45|03/02/2021 22:36:04|https://www.gamevicio.com/noticias/2021/02/team-ninja-esta-interessada-em-adicionar-um-mundo-aberto-ao-proximo-nioh/
Conheça Blind Drive, um jogo para se jogar com os olhos fechados|Jogo ganha demo no Steam!|Vinicius|Quarta, 03 de fevereiro de 2021 às 14:51|20|03/02/2021 22:36:18|https://www.gamevicio.com/noticias/2021/02/conheca-blind-drive-um-jogo-para-se-jogar-com-os-olhos-fechados/
Jade Raymond fala sobre sua saída do Google e do fechamanto da Stadia Games & Entertainment|A lendária diretora de Assassin's Creed e Splinter Cell recentemente deixou a Google|Billy Butcher|Quarta, 03 de fevereiro de 2021 às 14:37|74|03/02/2021 22:36:31|https://www.gamevicio.com/noticias/2021/02/jade-raymond-fala-sobre-sua-saida-do-google-e-do-fechamanto-da-stadia-games-e-entertainment/
Electronic Arts diz que planeja lançar pelo menos 1 jogo de corrida todos os anos|Após finalizar a aquisição da Codemasters|Billy Butcher|Quarta, 03 de fevereiro de 2021 às 14:05|57|03/02/2021 22:36:44|https://www.gamevicio.com/noticias/2021/02/electronic-arts-diz-que-planeja-lancar-pelo-menos-1-jogo-de-corrida-todos-os-anos/
Nos últimos 12 meses, 64% dos jogos da EA no PS4 e Xbox One foram vendidos no formato digital|Um aumento de 49% em relação ao mesmo período anterior|Renatito|Quarta, 03 de fevereiro de 2021 às 13:33|23|03/02/2021 22:36:58|https://www.gamevicio.com/noticias/2021/02/nos-ultimos-12-meses-64-dos-jogos-da-ea-no-ps4-e-xbox-one-foram-vendidos-no-formato-digital/
Control Ultimate Edition - a experiência da próxima geração em comparação com os consoles PS5 e Xbox|É bem próxima...|Alvarenga|Quarta, 03 de fevereiro de 2021 às 12:24|220|03/02/2021 22:37:14|https://www.gamevicio.com/noticias/2021/02/control-ultimate-edition-a-experiencia-da-proxima-geracao-em-comparacao-com-os-consoles-ps5-e-xbox/
Total War: Warhammer 3 é oficialmente anunciado pela SEGA Europe e Creative Assembly|Chegando em 2021 para PCs na Steam e Epic Games Store|Billy Butcher|Quarta, 03 de fevereiro de 2021 às 12:22|43|03/02/2021 22:37:25|https://www.gamevicio.com/noticias/2021/02/total-war-warhammer-3-e-oficialmente-anunciado-pela-sega-europe-e-creative-assembly/
Microsoft havia tentado adquirir a Gearbox Software antes da Embracer Group|As 2 estavam na disputa pelo estúdio, adquirido por US$ 1,3 Bilhões pela empresa-mãe da THQ Nordic|Billy Butcher|Quarta, 03 de fevereiro de 2021 às 12:13|181|03/02/2021 22:37:38|https://www.gamevicio.com/noticias/2021/02/microsoft-havia-tentado-adquirir-a-gearbox-software-antes-da-embracer-group/
Square Enix registra aumento na receita trimestral da empresa, porém os lucros ficaram abaixo do esperado|Square Enix Europe e Marvel's Avengers continuam sendo o maior empecilho da editora Japonesa|Billy Butcher|Quarta, 03 de fevereiro de 2021 às 12:01|62|03/02/2021 22:37:51|https://www.gamevicio.com/noticias/2021/02/square-enix-registra-aumento-na-receita-trimestral-da-empresa-porem-os-lucros-ficaram-abaixo-do-esperado/
Gearbox continuará trabalhando com a 2K na franquia Borderlands|Aquisição da Gearbox pela Embracer não irá alterar o desenvolvimento da franquia.|Vinicius|Quarta, 03 de fevereiro de 2021 às 11:37|18|03/02/2021 22:38:03|https://www.gamevicio.com/noticias/2021/02/gearbox-continuara-trabalhando-com-a-2k-na-franquia-borderlands/
Experiment 101 diz que fãs de Zelda: Breath of the Wild e Middle-Earth: Shadow of Mordor devem gostar de BioMutant|Estúdio diz que se inspirou bastante nessas obras da Nintendo e Warner Bros. Games|Billy Butcher|Quarta, 03 de fevereiro de 2021 às 15:38|40|04/02/2021 00:00:50|https://www.gamevicio.com/noticias/2021/02/experiment-101-diz-que-fas-de-zelda-breath-of-the-wild-e-middle-earth-shadow-of-mordor-devem-gostar-de-biomutant/
European Gaming e a Stashbird fazem uma lista com os 10 personagens mais populares dos videogames|Venha conferir os que ficaram no Ranking de Top 10|Billy Butcher|Quinta, 04 de fevereiro de 2021 às 10:10|156|04/02/2021 22:03:51|https://www.gamevicio.com/noticias/2021/02/european-gaming-e-a-stashbird-fazem-uma-lista-com-os-10-personagens-mais-populares-dos-videogames/
Scars of Honor: Conheça este ambicioso novo projeto indie de um MMORPG|Game criado por amantes de MMORPG pode ser um destaque no gênero sendo um game criado junto com sua comunidade|Allan Kardec|Quinta, 04 de fevereiro de 2021 às 10:05|17|04/02/2021 22:04:04|https://www.gamevicio.com/noticias/2021/02/scars-of-honor-conheca-este-ambicioso-novo-projeto-indie-de-um-mmorpg/
Stubbs the Zombie será relançado para os Xbox Series X-S e Xbox One em 16 de Março|É um antigo exclusivo de Xbox Original e PC lançado pela Aspyr Media|Billy Butcher|Quinta, 04 de fevereiro de 2021 às 10:01|24|04/02/2021 22:04:17|https://www.gamevicio.com/noticias/2021/02/stubbs-the-zombie-sera-relancado-para-os-xbox-series-x-s-e-xbox-one-em-16-de-marco/
Eiyuu*Senki GOLD: jogo de estratégia em turnos será lançado no ocidente esta semana|Game será lançado pela JAST USA totalmente sem censura|Allan Kardec|Quinta, 04 de fevereiro de 2021 às 08:42|9|04/02/2021 22:04:29|https://www.gamevicio.com/noticias/2021/02/eiyuu-senki-gold-jogo-de-estrategia-em-turnos-sera-lancado-no-ocidente-esta-semana/
Launch Trailer de The Nioh Collection detalha sua melhorias e novos recursos|Coleção com os 2 jogos chegará amanhã para PS5, PS4 e PC|Billy Butcher|Quinta, 04 de fevereiro de 2021 às 08:41|26|04/02/2021 22:04:42|https://www.gamevicio.com/noticias/2021/02/launch-trailer-de-the-nioh-collection-detalha-sua-melhorias-e-novos-recursos/
"Diretor de Ori critica os desenvolvedores por exagerar nos jogos com ""mentiras e falsidades"""|"Thomas Malher chamou Peter Molyneux, Sean Murray e a CD Projekt RED de ""vendedores de óleo de cobra"""|Billy Butcher|Quinta, 04 de fevereiro de 2021 às 08:35|134|04/02/2021 22:04:55|https://www.gamevicio.com/noticias/2021/02/diretor-de-ori-critica-os-desenvolvedores-por-exagerar-nos-jogos-com-mentiras-e-falsidades/
Konami registra receita e lucros recordes em seu último trimestre fiscal|Impulsionado pelas excelentes vendas de Momotaro Dentetsu e PES|Billy Butcher|Quinta, 04 de fevereiro de 2021 às 08:23|37|04/02/2021 22:05:09|https://www.gamevicio.com/noticias/2021/02/konami-registra-receita-e-lucros-recordes-em-seu-ultimo-trimestre-fiscal/
Werewolf: The Apocalypse - Earthblood - Confira as Notas que o jogo vem recebendo|A nova obra do famoso World of Darkness|Billy Butcher|Quinta, 04 de fevereiro de 2021 às 08:16|54|04/02/2021 22:05:21|https://www.gamevicio.com/noticias/2021/02/werewolf-the-apocalypse-earthblood-confira-as-notas-que-o-jogo-vem-recebendo/
Kadokawa Corporation forma aliança de capital com CyberAgent e Sony para fortalecer os negócios|Exploração mútua dos negócios, experiência e pontos fortes de cada empresa.|Alvarenga|Quinta, 04 de fevereiro de 2021 às 08:13|105|04/02/2021 22:05:33|https://www.gamevicio.com/noticias/2021/02/kadokawa-corporation-forma-alianca-de-capital-com-cyberagent-e-sony-para-fortalecer-os-negocios/
Destruction All-Stars - Confira as Notas que o jogo vem recebendo|O primeiro exclusivo do PS5 no ano de 2021|Billy Butcher|Quinta, 04 de fevereiro de 2021 às 07:57|183|04/02/2021 22:05:47|https://www.gamevicio.com/noticias/2021/02/destruction-all-stars-confira-as-notas-que-o-jogo-vem-recebendo/
Demon Slayer: Kimetsu no Yaiba - Hinokami Kepputan será lançado para PS4, PS5, PC e Xbox One|Anteriormente apenas confirmado para PS4|MD|Quinta, 04 de fevereiro de 2021 às 07:57|26|04/02/2021 22:05:59|https://www.gamevicio.com/noticias/2021/02/demon-slayer-kimetsu-no-yaiba-hinokami-kepputan-sera-lancado-para-ps4-ps5-pc-e-xbox-one/
The King of Fighters XV ganha novo trailer revelando Iori Yagami|O personagem querido dos fãs está de volta!|Vinicius|Quinta, 04 de fevereiro de 2021 às 01:22|70|04/02/2021 22:06:13|https://www.gamevicio.com/noticias/2021/02/the-king-of-fighters-xv-ganha-novo-trailer-revelando-iori-yagami/
Genshin Impact ganha novo trailer mostrando Xiao em ação|Confira um gameplay do mais novo personagem desse RPG de ação.|Vinicius|Quinta, 04 de fevereiro de 2021 às 00:07|47|04/02/2021 22:06:25|https://www.gamevicio.com/noticias/2021/02/genshin-impact-ganha-novo-trailer-mostrando-xiao-em-acao/
Remedy compara tamanho de Lady Dimitrescu com os inimigos de Control|Confira como a nova personagem da Capcom se compara aos personagens de Control.|Vinicius|Quarta, 03 de fevereiro de 2021 às 23:54|77|04/02/2021 22:06:38|https://www.gamevicio.com/noticias/2021/02/remedy-compara-tamanho-de-lady-dimitrescu-com-os-inimigos-de-control/
BioWare mostra mais alguns detalhes das melhorias gráficas de Mass Effect: Legendary Edition em novos vídeos|A coletânea remasterizada chegará em breve ao mercado|Billy Butcher|Quarta, 03 de fevereiro de 2021 às 21:18|89|04/02/2021 22:06:52|https://www.gamevicio.com/noticias/2021/02/bioware-mostra-mais-alguns-detalhes-das-melhorias-graficas-de-mass-effect-legendary-edition-em-novos-videos/
SEC em busca de descobrir a fraude no aumento da GameStop|Reguladora com foco na desinformação para manipular o mercado, bem como as decisões do corretor para restringir a negociação|Billy Butcher|Quinta, 04 de fevereiro de 2021 às 18:56|13|04/02/2021 22:07:04|https://www.gamevicio.com/noticias/2021/02/sec-em-busca-de-descobrir-a-fraude-no-aumento-da-gamestop/
Capcom anuncia uma linha temática de Tubbz de Resident Evil 2 Remake|Ada Wong, Tofu, Nemesis, e outros|Billy Butcher|Quinta, 04 de fevereiro de 2021 às 18:53|2|04/02/2021 22:07:17|https://www.gamevicio.com/noticias/2021/02/capcom-anuncia-uma-linha-tematica-de-tubbz-de-resident-evil-2-remake/
15 jogos para aproveitar no Steam Game Festival|Muitos jogos para conhecer e testar durante este evento! Mais de 300 demos gratuitas estão liberadas até dia 9 de fevereiro|Allan Kardec|Quinta, 04 de fevereiro de 2021 às 18:20|19|04/02/2021 22:07:29|https://www.gamevicio.com/noticias/2021/02/15-jogos-para-aproveitar-no-steam-game-festival/
Neil Druckmann revela 5 jogos que inspiraram seu trabalho|Diretor citou vários jogos clássicos!|Vinicius|Quinta, 04 de fevereiro de 2021 às 17:57|280|04/02/2021 22:07:41|https://www.gamevicio.com/noticias/2021/02/neil-druckmann-revela-5-jogos-que-inspiraram-seu-trabalho/
Total War: Warhammer 3 já se tornou o jogo vendido da Steam|Uma grande antecipação pelo título da Creative Assembly e SEGA Europe|Billy Butcher|Quinta, 04 de fevereiro de 2021 às 17:51|16|04/02/2021 22:07:54|https://www.gamevicio.com/noticias/2021/02/total-war-warhammer-3-ja-se-tornou-o-jogo-vendido-da-steam/
Mais de 90.000 jogadores de Tom Clancy's Rainbow Six: Siege foram banidos em 2020|E ainda há muito trabalho pela frente para a Ubisoft Montréal|Billy Butcher|Quinta, 04 de fevereiro de 2021 às 17:47|14|04/02/2021 22:08:25|https://www.gamevicio.com/noticias/2021/02/mais-de-90-000-jogadores-de-tom-clancy-s-rainbow-six-siege-foram-banidos-em-2020/
Fantasian, novo JRPG da Mistwalker, chama atenção por usar maquetes como cenários para o jogo|Novas imagens mostram o incrível trabalho feito pelo estúdio.|Vinicius|Quinta, 04 de fevereiro de 2021 às 17:34|37|04/02/2021 22:08:37|https://www.gamevicio.com/noticias/2021/02/fantasian-novo-jrpg-da-mistwalker-chama-atencao-por-usar-maquetes-como-cenarios-para-o-jogo/
Asobo Studio diz que tem interesse levar o Microsoft Flight Simulator ao xCloud|Um jogo com poder da nuvem sendo levado para as nuvens de Game Streaming|Billy Butcher|Quinta, 04 de fevereiro de 2021 às 17:13|66|04/02/2021 22:08:48|https://www.gamevicio.com/noticias/2021/02/asobo-studio-diz-que-tem-interesse-levar-o-microsoft-flight-simulator-ao-xcloud/
Os titãs invadem o campo de batalha de Free Fire no próximo evento colaborativo com Attack on Titan|O evento começará em março de 2021.|Man Of Culture|Quinta, 04 de fevereiro de 2021 às 17:09|36|04/02/2021 22:09:00|https://www.gamevicio.com/noticias/2021/02/os-titas-invadem-o-campo-de-batalha-de-free-fire-no-proximo-evento-colaborativo-com-attack-on-titan/
Desenvolvedores chineses estão preocupados com o lançamento do Steam China|Separação do Steam Global, altas taxas para se conseguir uma licença e grandes períodos de analise pelo governo são preocupantes!|Vinicius|Quinta, 04 de fevereiro de 2021 às 17:02|76|04/02/2021 22:09:12|https://www.gamevicio.com/noticias/2021/02/desenvolvedores-chineses-estao-preocupados-com-o-lancamento-do-steam-china/
"Destruction All-Stars originalmente era um ""reboot"" de Desctruction Derby, revela Lucid Games"|A ideia veio da SIE XDev, mas devido a ideias diferentes, o projeto mudou|Billy Butcher|Quinta, 04 de fevereiro de 2021 às 16:57|30|04/02/2021 22:09:24|https://www.gamevicio.com/noticias/2021/02/destruction-all-stars-originalmente-era-um-reboot-de-desctruction-derby-revela-lucid-games/
CD Projekt RED faz um Soft-Launch de The Witcher: Monster Slayer para Android na Nova Zelândia|O novo jogo da Spokko é uma espécie de Pokémon GO de The Witcher|Billy Butcher|Quinta, 04 de fevereiro de 2021 às 16:24|14|04/02/2021 22:09:36|https://www.gamevicio.com/noticias/2021/02/cd-projekt-red-faz-um-soft-launch-de-the-witcher-monster-slayer-para-android-na-nova-zelandia/
Robert A. Altman, CEO e fundador da ZeniMax Media, faleceu|ZeniMax prestou uma carta de despedida ao grande veterano da indústria|Billy Butcher|Quinta, 04 de fevereiro de 2021 às 15:10|32|04/02/2021 22:09:48|https://www.gamevicio.com/noticias/2021/02/robert-a-altman-ceo-e-fundador-da-zenimax-media-faleceu/
"BioWare irá editar cenas ""sexualizadas"" em Mass Effect Legendary Edition"|Ângulos de câmera serão alterados para não se focarem em certas partes das personagens.|Vinicius|Quinta, 04 de fevereiro de 2021 às 15:05|339|04/02/2021 22:10:01|https://www.gamevicio.com/noticias/2021/02/bioware-ira-editar-cenas-sexualizadas-em-mass-effect-legendary-edition/
BioWare comenta sobre o suporte a Mods em Mass Effect: Legendary Edition|Empresa está trabalhando para isso ser implementado cedo na coletânea|Billy Butcher|Quinta, 04 de fevereiro de 2021 às 14:25|13|04/02/2021 22:10:14|https://www.gamevicio.com/noticias/2021/02/bioware-comenta-sobre-o-suporte-a-mods-em-mass-effect-legendary-edition/
Diablo 4 e Overwatch 2 não serão lançados em 2021|No entanto, teremos um novo Call of Duty.|Vinicius|Quinta, 04 de fevereiro de 2021 às 19:39|20|05/02/2021 00:43:00|https://www.gamevicio.com/noticias/2021/02/diablo-4-e-overwatch-2-nao-serao-lancados-em-2021/
"Remedy Entertainment adiciona uma mecânica de ""Game Help"" para ajudar os jogadores de Control"|A realizar algumas missões principais do jogo e poder evoluir na experiência|Billy Butcher|Quinta, 04 de fevereiro de 2021 às 19:36|10|05/02/2021 00:43:25|https://www.gamevicio.com/noticias/2021/02/remedy-entertainment-adiciona-uma-mecanica-de-game-help-para-ajudar-os-jogadores-de-control/
Lucid Games e PlayStation Studios falam sobre os planos de conteúdo contínuo ao Destruction All-Stars|Falam sobre como veem o GAAS do jogo e seu modelo de Live-Service|Billy Butcher|Quinta, 04 de fevereiro de 2021 às 19:30|16|05/02/2021 00:43:38|https://www.gamevicio.com/noticias/2021/02/lucid-games-e-playstation-studios-falam-sobre-os-planos-de-conteudo-continuo-ao-destruction-all-stars/
Activision Blizzard anuncia planos de expansão da metodologia de Call of Duty para todas suas outras franquias|Coisas como Conteúdo Premium, Versões Mobile, Battle-Pass, Live-Service, e etc|Billy Butcher|Quinta, 04 de fevereiro de 2021 às 19:22|14|05/02/2021 00:43:51|https://www.gamevicio.com/noticias/2021/02/activision-blizzard-anuncia-planos-de-expansao-da-metodologia-de-call-of-duty-para-todas-suas-outras-franquias/
Nintendo divulga vídeo para falar sobre tudo que está chegando ao Animal Crossing: New Horizons|Durante o mês de Fevereiro de 2021|Billy Butcher|Quinta, 04 de fevereiro de 2021 às 19:12|12|05/02/2021 00:44:04|https://www.gamevicio.com/noticias/2021/02/nintendo-divulga-video-para-falar-sobre-tudo-que-esta-chegando-ao-animal-crossing-new-horizons/
Jogadores de EVE Online batem dois recordes mundiais do Guinness|CCP Games revela que isso aconteceu dutante o Natal|Billy Butcher|Quinta, 04 de fevereiro de 2021 às 19:03|9|05/02/2021 00:44:16|https://www.gamevicio.com/noticias/2021/02/jogadores-de-eve-online-batem-dois-recordes-mundiais-do-guinness/
Activision Blizzard revela que há múltiplos jogos Mobile de Warcraft em desenvolvimento atualmente|Blizzard vai levar Warcraft para o caminho do Diablo: Immortal, com jogos mobile|Billy Butcher|Sexta, 05 de fevereiro de 2021 às 09:58|21|05/02/2021 18:13:35|https://www.gamevicio.com/noticias/2021/02/activision-blizzard-revela-que-ha-multiplos-jogos-mobile-de-warcraft-em-desenvolvimento-atualmente/
Franquia Call of Duty já gerou cerca de US$ 27 Bilhões em receitas até a data|Já é a franquia de jogos mais lucrativa e de maior sucesso na indústria de videogames|Billy Butcher|Sexta, 05 de fevereiro de 2021 às 09:54|7|05/02/2021 18:13:51|https://www.gamevicio.com/noticias/2021/02/franquia-call-of-duty-ja-gerou-cerca-de-us-27-bilhoes-em-receitas-ate-a-data/
Guilty Gear Strive terá uma Open Beta de 18 a 21 de fevereiro|O beta PS4 / PS5 incluirá 13 personagens e netcode rollback para multijogador|Billy Butcher|Sexta, 05 de fevereiro de 2021 às 09:51|10|05/02/2021 18:14:06|https://www.gamevicio.com/noticias/2021/02/guilty-gear-strive-tera-uma-open-beta-de-18-a-21-de-fevereiro/
Segundo rumores, Battlefield 6 contará com destruição dinâmica massiva de cenários|DICE estaria comprometida em trazer o máximo possível da Frostbite Engine|Billy Butcher|Sexta, 05 de fevereiro de 2021 às 09:49|67|05/02/2021 18:14:22|https://www.gamevicio.com/noticias/2021/02/segundo-rumores-battlefield-6-contara-com-destruicao-dinamica-massiva-de-cenarios/
Shuntaro Furukawa, CEO da Nintendo, está confiante que o Switch passará as vendas do Wii|Atualmente, o híbrido já está muito próximo de atingir as 80 milhões de unidades vendidas|Billy Butcher|Sexta, 05 de fevereiro de 2021 às 09:45|54|05/02/2021 18:14:37|https://www.gamevicio.com/noticias/2021/02/shuntaro-furukawa-ceo-da-nintendo-esta-confiante-que-o-switch-passara-as-vendas-do-wii/
Demon's Souls original completa seus 12 anos de vida desde o lançamento|Lançado para o PS3, o título foi desenvolvido pela FromSoftware e publicado pela Sony|Billy Butcher|Sexta, 05 de fevereiro de 2021 às 09:42|44|05/02/2021 18:14:52|https://www.gamevicio.com/noticias/2021/02/demon-s-souls-original-completa-seus-12-anos-de-vida-desde-o-lancamento/
Nintendo diz que você precisa correr riscos para fazer os jogadores sorrirem|Fala sobre a filosofia por trás da Big N|Billy Butcher|Sexta, 05 de fevereiro de 2021 às 09:38|55|05/02/2021 18:15:06|https://www.gamevicio.com/noticias/2021/02/nintendo-diz-que-voce-precisa-correr-riscos-para-fazer-os-jogadores-sorrirem/
Cyberpunk 2077 - Hotfix 1.12 já está disponível para todos os usuários de PCs|Aqui estão as novidades|Billy Butcher|Sexta, 05 de fevereiro de 2021 às 09:35|57|05/02/2021 18:15:23|https://www.gamevicio.com/noticias/2021/02/cyberpunk-2077-hotfix-1-12-ja-esta-disponivel-para-todos-os-usuarios-de-pcs/
Judgment - Confira uma comparação gráfica entre a versão de PS4 com a de nova geração|Título recebeu melhorias gráficas.|Vinicius|Sexta, 05 de fevereiro de 2021 às 09:34|22|05/02/2021 18:15:38|https://www.gamevicio.com/noticias/2021/02/judgment-confira-uma-comparacao-grafica-entre-a-versao-de-ps4-com-a-de-nova-geracao/
Resident Evil 2 Remake vendeu 7,8 milhões de cópias; Resident Evil 7 vendeu 8,5 milhões|Devil May Cry 5 e Street Fighter V alcançam bons números|Renatito|Sexta, 05 de fevereiro de 2021 às 08:37|155|05/02/2021 18:15:53|https://www.gamevicio.com/noticias/2021/02/resident-evil-2-remake-vendeu-7-8-milhoes-de-copias-resident-evil-7-vendeu-8-5-milhoes/
Activision diz que 2022 será um ano muito importante para a Blizzard Entertainment|Com vários lançamentos para PCs, Consoles e Mobile chegando|Billy Butcher|Quinta, 04 de fevereiro de 2021 às 23:27|30|05/02/2021 18:16:07|https://www.gamevicio.com/noticias/2021/02/activision-diz-que-2022-sera-um-ano-muito-importante-para-a-blizzard-entertainment/
Apex Legends comemora seus 2 anos de vida com um evento temático de aniversário|Lançado pela Respawn Entertainment e Electronic Arts em 2019|Billy Butcher|Quinta, 04 de fevereiro de 2021 às 23:22|13|05/02/2021 18:16:22|https://www.gamevicio.com/noticias/2021/02/apex-legends-comemora-seus-2-anos-de-vida-com-um-evento-tematico-de-aniversario/
Activision possui mais remasters planejados para 2021|Anúncios serão feitos no devido tempo.|Vinicius|Quinta, 04 de fevereiro de 2021 às 23:18|54|05/02/2021 18:16:36|https://www.gamevicio.com/noticias/2021/02/activision-possui-mais-remasters-planejados-para-2021/
Little Nightmares II é explicado pelo famoso mentalista Derren Brown em novo vídeo|Bandai Namco posta um vídeo onde o mentalista Derren Brown explica o conceito de pesadelos|Billy Butcher|Quinta, 04 de fevereiro de 2021 às 23:08|31|05/02/2021 18:16:51|https://www.gamevicio.com/noticias/2021/02/little-nightmares-ii-e-explicado-pelo-famoso-mentalista-derren-brown-em-novo-video/
Kowloon Nights anuncia financiamento de US$ 100 milhões para apoiar mais de 23 indies|De estúdios como Thunderlotus, Night School Studio, Fireplace Games e outros|Billy Butcher|Quinta, 04 de fevereiro de 2021 às 23:01|5|05/02/2021 18:17:06|https://www.gamevicio.com/noticias/2021/02/kowloon-nights-anuncia-financiamento-de-us-100-milhoes-para-apoiar-mais-de-23-indies/
Prince of Persia: The Sands of Time - Remake é adiado indefinidamente|Ubisoft Pune e Ubisoft Mumbai anunciam oficialmente|Billy Butcher|Sexta, 05 de fevereiro de 2021 às 14:22|91|05/02/2021 18:17:20|https://www.gamevicio.com/noticias/2021/02/prince-of-persia-the-sands-of-time-remake-e-adiado-indefinidamente/
Microsoft consegue tirar dos tribunais o caso de drift nos controles Xbox|O juiz decidiu a favor da Microsoft|Billy Butcher|Sexta, 05 de fevereiro de 2021 às 14:09|69|05/02/2021 18:17:34|https://www.gamevicio.com/noticias/2021/02/microsoft-consegue-tirar-dos-tribunais-o-caso-de-drift-nos-controles-xbox/
The Last of Us: Part II - Um grande veterano da Naughty Dog fala sobre jogadores tóxicos|Em defesa das minorias, como as mulheres nos videogames|Billy Butcher|Sexta, 05 de fevereiro de 2021 às 14:09|328|05/02/2021 18:17:49|https://www.gamevicio.com/noticias/2021/02/the-last-of-us-part-ii-um-grande-veterano-da-naughty-dog-fala-sobre-jogadores-toxicos/
Teaser do próximo projeto do compositor de Silent Hill é deletado|Teria Akira Yamaoka revelado a existência do próximo Silent Hill antes da hora?|Vinicius|Sexta, 05 de fevereiro de 2021 às 14:06|77|05/02/2021 18:18:03|https://www.gamevicio.com/noticias/2021/02/teaser-do-proximo-projeto-do-compositor-de-silent-hill-e-deletado/
American Truck Simulator: Atualização 1.40 Western Star® 49X|O 49X receberá 2 opções adicionais de cabine-leito e um total de 36 variantes de chassi.|Pikimin|Sexta, 05 de fevereiro de 2021 às 14:04|12|05/02/2021 18:18:19|https://www.gamevicio.com/noticias/2021/02/american-truck-simulator-atualizacao-1-40-western-star-49x/
Homem é preso por modificar saves de Pokémon Sword & Shield|"Ele modificava os saves para vender monstrinhos na versão ""shiny"""|Billy Butcher|Sexta, 05 de fevereiro de 2021 às 13:54|39|05/02/2021 18:18:33|https://www.gamevicio.com/noticias/2021/02/homem-e-preso-por-modificar-saves-de-pokemon-sword-e-shield/
Mapa de Resident Evil: The Collector's Edition revela alguns locais do jogo|Parece um mundo bastante grande para se explorar|Billy Butcher|Sexta, 05 de fevereiro de 2021 às 13:47|54|05/02/2021 18:18:47|https://www.gamevicio.com/noticias/2021/02/mapa-de-resident-evil-the-collector-s-edition-revela-alguns-locais-do-jogo/
Patente da Sony sugere planos para uma versão melhorada do DualSense|Documento sugere conexão wifi para o controle.|Vinicius|Sexta, 05 de fevereiro de 2021 às 13:40|15|05/02/2021 18:19:01|https://www.gamevicio.com/noticias/2021/02/patente-da-sony-sugere-planos-para-uma-versao-melhorada-do-dualsense/
Xbox quer fazer parceria com Elon Musk para criar um Warthog de Halo|Imagine um Warthog na vida real.|Vinicius|Sexta, 05 de fevereiro de 2021 às 13:24|36|05/02/2021 18:19:16|https://www.gamevicio.com/noticias/2021/02/xbox-quer-fazer-parceria-com-elon-musk-para-criar-um-warthog-de-halo/
"Nintendo diz que irá revelar seus jogos para 2021 na ""hora apropriada"""|Uma 'variedade' títulos chegarão ao Switch|Lucas|Sexta, 05 de fevereiro de 2021 às 12:25|72|05/02/2021 18:19:30|https://www.gamevicio.com/noticias/2021/02/nintendo-diz-que-ira-revelar-seus-jogos-para-2021-na-hora-apropriada/
Control - Digital Foundry usa modo foto como um benchmark de Ray Tracing|PS5 e Xbox Series X são testados.|Alex|Sexta, 05 de fevereiro de 2021 às 12:19|149|05/02/2021 18:19:44|https://www.gamevicio.com/noticias/2021/02/control-digital-foundry-usa-modo-foto-como-um-benchmark-de-ray-tracing/
GeForce Now celebra seu aniversário de 1 ano com a chegada de mais de 30 novos jogos|GeForce NOW celebra seu aniversário de um ano com a chegada de mais de 30 novos jogos em fevereiro|Billy Butcher|Sexta, 05 de fevereiro de 2021 às 12:01|21|05/02/2021 18:20:00|https://www.gamevicio.com/noticias/2021/02/geforce-now-celebra-seu-aniversario-de-1-ano-com-a-chegada-de-mais-de-30-novos-jogos/
Activision Blizzard confirma que Call of Duty: Warzone não será abandonado|Apesar de já ter anunciado que teremos um novo Call of Duty em 2021|Billy Butcher|Sexta, 05 de fevereiro de 2021 às 11:57|12|05/02/2021 18:20:14|https://www.gamevicio.com/noticias/2021/02/activision-blizzard-confirma-que-call-of-duty-warzone-nao-sera-abandonado/
Kitaria Fables é anunciado para PS5 e Xbox Series X|Jogo também ganha novas imagens mostrando o farming e crafting.|Vinicius|Sexta, 05 de fevereiro de 2021 às 11:57|4|05/02/2021 18:20:29|https://www.gamevicio.com/noticias/2021/02/kitaria-fables-e-anunciado-para-ps5-e-xbox-series-x/
LEGO Star Wars se esforçou para encontrar uma editora|Tom Stone, da TT Games, revela que a icônica e hilária franquia quase perdeu sua oportunidade depois de lutar para encontrar uma editora|Billy Butcher|Sexta, 05 de fevereiro de 2021 às 11:56|5|05/02/2021 18:20:43|https://www.gamevicio.com/noticias/2021/02/lego-star-wars-se-esforcou-para-encontrar-uma-editora/
